{
    "r2_score": 0.9884301209927054,
    "mse": 0.011671265615520251,
    "rmse": 0.10803363187230286,
    "mae": 0.08574577950768568
}